{"Gender": 0.007327241802268938, "Age": 0.011063533067806714, "Height": 0.0013424101437641215, "Weight": 0.0011408509215008575, "BMI": 0.002093255482315052, "ALT": 0.0034598145579404537, "AST": 0.0013111249507986827, "BUN": 5.2502572733044496e-05, "CREA": 0.0018646916497006077, "URIC": 0.0016146511203192384, "FBG": 0.0001131928142253888, "HDL-C": 0.001544838803487915, "LDL-C": 0.000335930366549782, "Ca": 0.002473781332216822, "P": 0.0028477392102940124, "Mg": 0.9612627544047727, "Calsium": 7.769635483047267e-06, "Calcitriol": 0.0, "Bisphosphonate": 0.0, "Calcitonin": 0.0, "HTN": 1.9602906429189558e-07, "COPD": 0.0, "DM": 0.0, "Hyperlipidaemia": 2.7593528886906334e-06, "Hyperuricemia": 0.0, "AS": 3.77279736006646e-05, "VT": 0.0, "VD": 0.0, "OP": 6.998131213363298e-05, "CAD": 1.8558888019493755e-05, "CKD": 0.0, "Fracture": 6.305531245749103e-06, "Smoking": 0.0, "Drinking": 8.388076870086477e-06}