{"best_model_name": "Gradient Boosting", "r2_score": 0.9821539312404712, "rmse": 0.025321313077329755}