{
  "best_model_name": "GradientBoostingRegressor",
  "best_params": {
    "model__learning_rate": 0.1,
    "model__max_depth": 3,
    "model__min_samples_split": 2,
    "model__n_estimators": 100
  },
  "r2_score": 0.9810559778670721,
  "mae": 0.010446002817185579,
  "rmse": 0.02608861586804268,
  "cv_r2_mean": 0.9577657912885853,
  "cv_r2_std": 0.03774920067133156,
  "cv_scores": [
    0.9691241720550136,
    0.970252954936483,
    0.9791748835083149,
    0.9868962182320719,
    0.8833807277110427
  ],
  "n_train": 1229,
  "n_test": 308,
  "feature_importances": {
    "Age": 0.011001995179070963,
    "Height": 0.0013610364162348614,
    "Weight": 0.0017656606321394706,
    "BMI": 0.0011062343129568143,
    "ALT": 0.003419534242241187,
    "AST": 0.0037228388702801114,
    "BUN": 0.00010931068964173725,
    "CREA": 0.00021771270002619617,
    "URIC": 0.0016011997140020643,
    "FBG": 0.00013976375148256793,
    "HDL-C": 0.0012496681822264934,
    "LDL-C": 0.0014410464316398192,
    "Ca": 0.0021446396284443454,
    "P": 0.003101757189954423,
    "Mg": 0.9602804557722276,
    "Gender": 0.007256000164160563,
    "Calsium": 0.0,
    "Calcitriol": 4.3526007947161904e-08,
    "Bisphosphonate": 0.0,
    "Calcitonin": 0.0,
    "HTN": 8.252253427777037e-08,
    "COPD": 0.0,
    "DM": 0.0,
    "Hyperlipidaemia": 2.555856618918918e-05,
    "Hyperuricemia": 0.0,
    "AS": 2.81471769141945e-05,
    "VT": 0.0,
    "VD": 0.0,
    "CAD": 1.8558888019493792e-05,
    "CKD": 0.0,
    "Smoking": 3.6736673558094623e-07,
    "Drinking": 8.388076870086715e-06
  },
  "features_used": [
    "Age",
    "Height",
    "Weight",
    "BMI",
    "ALT",
    "AST",
    "BUN",
    "CREA",
    "URIC",
    "FBG",
    "HDL-C",
    "LDL-C",
    "Ca",
    "P",
    "Mg",
    "Gender",
    "Calsium",
    "Calcitriol",
    "Bisphosphonate",
    "Calcitonin",
    "HTN",
    "COPD",
    "DM",
    "Hyperlipidaemia",
    "Hyperuricemia",
    "AS",
    "VT",
    "VD",
    "CAD",
    "CKD",
    "Smoking",
    "Drinking"
  ]
}