{
  "best_model_name": "GradientBoostingRegressor",
  "best_params": {
    "model__learning_rate": 0.2,
    "model__max_depth": 3,
    "model__min_samples_split": 10,
    "model__n_estimators": 300
  },
  "r2_score": 0.9957069403415502,
  "mae": 0.00698309659690949,
  "rmse": 0.011828471709299427,
  "cv_r2_mean": 0.9756923834152639,
  "cv_r2_std": 0.01638018115078724,
  "cv_scores": [
    0.970018375255952,
    0.9627456581805748,
    0.9557851908537417,
    0.9936830131943141,
    0.9962296795917371
  ],
  "n_train": 473,
  "n_test": 119,
  "feature_importances": {
    "Age": 0.00011211146009036152,
    "Height": 0.0002573283669264086,
    "Weight": 6.14734009314228e-05,
    "BMI": 8.152981628582483e-05,
    "ALT": 0.001883008323660813,
    "AST": 0.00019362649053865653,
    "BUN": 7.755917565348143e-05,
    "CREA": 7.542655386321226e-05,
    "URIC": 0.00670805219911416,
    "FBG": 0.00010676792937304424,
    "HDL-C": 0.0007458884043310261,
    "LDL-C": 0.004014696481441039,
    "Ca": 2.527021450905297e-05,
    "P": 0.0010610068967228043,
    "Mg": 0.9844797715068416,
    "Calsium": 1.045365174015464e-05,
    "Calcitriol": 3.38428466203552e-05,
    "Bisphosphonate": 1.243712329863739e-07,
    "Calcitonin": 2.614800689431407e-06,
    "HTN": 3.7419453203746836e-07,
    "COPD": 2.1320829584904206e-05,
    "DM": 2.713808878173318e-07,
    "Hyperlipidaemia": 6.104022419728316e-07,
    "Hyperuricemia": 6.293265973344146e-07,
    "AS": 4.283241875064089e-06,
    "VT": 3.0388041713071725e-05,
    "VD": 2.2768148017590484e-06,
    "CAD": 2.2216277659906023e-06,
    "CKD": 1.28054208541763e-06,
    "Smoking": 2.4481261188966983e-06,
    "Drinking": 3.3425812298142824e-06
  },
  "features_used": [
    "Age",
    "Height",
    "Weight",
    "BMI",
    "ALT",
    "AST",
    "BUN",
    "CREA",
    "URIC",
    "FBG",
    "HDL-C",
    "LDL-C",
    "Ca",
    "P",
    "Mg",
    "Calsium",
    "Calcitriol",
    "Bisphosphonate",
    "Calcitonin",
    "HTN",
    "COPD",
    "DM",
    "Hyperlipidaemia",
    "Hyperuricemia",
    "AS",
    "VT",
    "VD",
    "CAD",
    "CKD",
    "Smoking",
    "Drinking"
  ]
}