{
  "best_model_name": "GradientBoostingRegressor",
  "best_params": {
    "model__learning_rate": 0.1,
    "model__max_depth": 3,
    "model__min_samples_split": 5,
    "model__n_estimators": 100
  },
  "r2_score": 0.9955920949810114,
  "mae": 0.00671671582010012,
  "rmse": 0.011985641612918275,
  "cv_r2_mean": 0.9760463630693208,
  "cv_r2_std": 0.01550088899673341,
  "cv_scores": [
    0.9698029630450756,
    0.9639684273155527,
    0.957636678746249,
    0.9931808518361207,
    0.9956428944036058
  ],
  "n_train": 473,
  "n_test": 119,
  "feature_importances": {
    "Age": 9.719335002946019e-05,
    "Height": 0.00038215931382760293,
    "Weight": 8.393474836850826e-05,
    "BMI": 8.109413073507192e-05,
    "ALT": 0.0007492446180594102,
    "AST": 0.00011929397750009088,
    "BUN": 5.827155605855155e-06,
    "CREA": 0.00013664988147264997,
    "URIC": 0.00692407988360618,
    "FBG": 9.828028613424102e-05,
    "HDL-C": 0.0027125421117463262,
    "LDL-C": 0.0027160404508741274,
    "Ca": 8.106071620294322e-06,
    "P": 0.001076859537152401,
    "Mg": 0.9847690752670997,
    "Calsium": 1.1540604369083426e-05,
    "Calcitriol": 2.8533035629970114e-06,
    "Bisphosphonate": 5.318724440027505e-06,
    "Calcitonin": 0.0,
    "HTN": 0.0,
    "COPD": 1.619303084888816e-05,
    "DM": 0.0,
    "Hyperlipidaemia": 3.713552947012023e-06,
    "Hyperuricemia": 0.0,
    "AS": 0.0,
    "VT": 0.0,
    "VD": 0.0,
    "CAD": 0.0,
    "CKD": 0.0,
    "Smoking": 0.0,
    "Drinking": 0.0
  },
  "features_used": [
    "Age",
    "Height",
    "Weight",
    "BMI",
    "ALT",
    "AST",
    "BUN",
    "CREA",
    "URIC",
    "FBG",
    "HDL-C",
    "LDL-C",
    "Ca",
    "P",
    "Mg",
    "Calsium",
    "Calcitriol",
    "Bisphosphonate",
    "Calcitonin",
    "HTN",
    "COPD",
    "DM",
    "Hyperlipidaemia",
    "Hyperuricemia",
    "AS",
    "VT",
    "VD",
    "CAD",
    "CKD",
    "Smoking",
    "Drinking"
  ]
}